<?xml version="1.0" encoding="UTF-8"?>
<!DOCTYPE editor-preferences PUBLIC "-//NetBeans//DTD Editor Preferences 1.0//EN" "http://www.netbeans.org/dtds/EditorPreferences-1_0.dtd">
<editor-preferences>
    <entry javaType="java.lang.Boolean" name="alignMultilineCallArgs" xml:space="preserve">
        <value><![CDATA[true]]></value>
    </entry>
    <entry javaType="java.lang.Boolean" name="alignMultilineImplements" xml:space="preserve">
        <value><![CDATA[true]]></value>
    </entry>
    <entry javaType="java.lang.Boolean" name="alignMultilineMethodParams" xml:space="preserve">
        <value><![CDATA[true]]></value>
    </entry>
    <entry javaType="java.lang.String" name="blankLinesAfterClass" xml:space="preserve">
        <value><![CDATA[0]]></value>
    </entry>
    <entry javaType="java.lang.String" name="blankLinesBeforeClass" xml:space="preserve">
        <value><![CDATA[0]]></value>
    </entry>
    <entry javaType="java.lang.String" name="blankLinesBeforeUse" xml:space="preserve">
        <value><![CDATA[0]]></value>
    </entry>
    <entry javaType="java.lang.String" name="blankLinesBeforeUseTrait" xml:space="preserve">
        <value><![CDATA[0]]></value>
    </entry>
    <entry javaType="java.lang.String" name="classDeclBracePlacement" xml:space="preserve">
        <value><![CDATA[NEW_LINE]]></value>
    </entry>
    <entry javaType="java.lang.Boolean" name="groupAlignmentArrayInit" xml:space="preserve">
        <value><![CDATA[true]]></value>
    </entry>
    <entry javaType="java.lang.String" name="methodDeclBracePlacement" xml:space="preserve">
        <value><![CDATA[NEW_LINE]]></value>
    </entry>
    <entry javaType="java.lang.Boolean" name="spaceAroundUnaryOps" xml:space="preserve">
        <value><![CDATA[true]]></value>
    </entry>
    <entry javaType="java.lang.Integer" name="text-limit-width" xml:space="preserve">
        <value><![CDATA[120]]></value>
    </entry>
    <entry javaType="java.lang.String" name="wrapChainedMethodCalls" xml:space="preserve">
        <value><![CDATA[WRAP_ALWAYS]]></value>
    </entry>
    <entry javaType="java.lang.String" name="wrapExtendsImplementsList" xml:space="preserve">
        <value><![CDATA[WRAP_ALWAYS]]></value>
    </entry>
    <entry javaType="java.lang.String" name="wrapMethodCallArgs" xml:space="preserve">
        <value><![CDATA[WRAP_IF_LONG]]></value>
    </entry>
    <entry javaType="java.lang.String" name="wrapMethodParams" xml:space="preserve">
        <value><![CDATA[WRAP_IF_LONG]]></value>
    </entry>
</editor-preferences>
